pais,año,gasto_salud_usd,esperanza_vida_años
Nueva Zelanda,2012,2961.7,79.69
Ruanda,2016,80.31,60.66
Nigeria,2009,106.46,61.22
Vietnam,2008,334.69,69.4
Haití,2005,170.08,67.45
Rumania,2002,137.47,60.02
Rep. Dominicana,2013,104.19,62.7
Finlandia,2001,3508.08,82.01
Uganda,2009,123.15,59.2
Pakistán,2023,282.36,66.77
Perú,2014,816.88,75.22
Marruecos,2008,176.85,60.16
Bolivia,2020,472.29,74.38
Estados Unidos,2020,8512.54,85.0
Arabia Saudita,2011,2333.83,80.7
Uzbekistán,2004,131.09,60.09
Myanmar,2015,101.49,63.16
Marruecos,2001,158.64,63.7
Austria,2018,8972.72,85.0
Rep. Dominicana,2000,71.51,58.98
China,2022,1078.28,74.3
Argentina,2008,1319.41,78.18
Camboya,2003,68.64,59.89
Corea del Sur,2008,3402.44,79.16
Senegal,2007,121.9,66.12
Ruanda,2021,82.54,61.3
Pakistán,2010,179.07,62.71
Pakistán,2022,284.85,69.18
Venezuela,2004,88.59,58.76
Líbano,2009,58.11,53.3
India,2010,210.81,63.3
Rusia,2001,1677.67,77.26
Dinamarca,2023,9565.15,85.0
Grecia,2002,46.25,60.34
Trinidad,2003,142.59,62.42
Camerún,2015,207.46,66.84
Filipinas,2004,134.51,60.91
Rumania,2016,204.46,65.59
Austria,2005,8068.58,85.0
Uruguay,2000,99.99,62.84
Corea del Sur,2000,3015.14,79.5
Filipinas,2009,151.39,60.36
Nicaragua,2014,316.09,66.83
Venezuela,2019,113.92,62.4
España,2006,4295.49,82.13
Tailandia,2003,422.44,66.85
Argelia,2003,104.52,62.98
Guatemala,2018,431.54,68.49
Tanzania,2005,129.05,64.61
Corea del Sur,2020,4218.06,85.0
Uganda,2000,85.6,56.76
Grecia,2009,49.12,60.91
Uruguay,2007,132.35,61.38
Sri Lanka,2008,94.05,64.01
Túnez,2002,101.75,58.79
Jordania,2014,121.23,63.31
Japón,2020,10277.69,85.0
Bolivia,2011,418.7,68.48
Israel,2001,2876.09,82.8
Sri Lanka,2013,108.98,65.34
Chile,2004,1923.59,81.13
Japón,2023,11340.25,85.0
Trinidad,2004,148.64,66.35
Costa Rica,2023,97.23,62.91
Trinidad,2010,160.73,65.16
Chile,2000,1742.35,80.39
Austria,2004,7572.56,84.75
Cuba,2002,63.56,57.94
Chequia,2004,99.29,60.93
Zambia,2010,168.66,62.23
Costa Rica,2007,72.49,58.44
Reino Unido,2005,2103.54,82.38
Chequia,2016,131.03,65.54
Kazajistán,2022,670.45,75.31
Uzbekistán,2005,138.29,62.43
Zambia,2019,219.09,65.82
Canadá,2012,6600.18,85.0
Honduras,2001,312.39,71.03
Noruega,2006,4894.71,83.57
Corea del Sur,2001,2833.5,82.03
Nepal,2020,183.68,62.14
Ghana,2000,31.22,54.88
Brasil,2020,1475.98,76.67
Uruguay,2019,183.26,62.96
España,2014,5518.45,84.68
Malasia,2009,610.8,72.63
Georgia,2000,103.53,63.44
Haití,2008,171.62,68.44
El Salvador,2009,149.81,66.24
Noruega,2020,8098.53,85.0
Alemania,2006,6686.78,85.0
Suiza,2022,4537.73,84.3
Países Bajos,2009,7228.1,82.8
Suiza,2005,3655.42,80.99
Ghana,2013,46.26,57.46
Nicaragua,2018,373.74,71.32
Argentina,2022,1515.5,74.84
Pakistán,2011,185.49,64.92
Grecia,2011,47.72,56.19
Honduras,2010,329.31,69.57
Egipto,2021,212.85,65.31
Nepal,2023,200.22,66.7
Grecia,2012,50.24,57.08
Cuba,2022,84.54,62.03
Nueva Zelanda,2022,3998.65,79.53
Grecia,2005,47.87,57.93
Rep. Dominicana,2003,72.47,61.33
Pakistán,2016,228.65,67.84
Dinamarca,2018,8103.69,85.0
Finlandia,2021,4182.33,83.2
Azerbaiyán,2015,190.06,63.55
Singapur,2022,6753.58,84.62
Brasil,2005,866.8,71.84
Paraguay,2015,185.99,65.72
Rep. Dominicana,2018,120.86,64.23
Suecia,2012,6866.17,84.74
Uruguay,2011,140.21,60.06
Israel,2009,3083.29,80.77
Japón,2000,6705.09,85.0
Polonia,2020,218.17,65.66
Singapur,2017,5816.05,85.0
Trinidad,2023,207.52,65.78
Ruanda,2020,89.17,62.83
Argentina,2003,1171.03,75.83
Camerún,2006,179.26,65.77
Chile,2015,2663.49,79.44
Zimbabwe,2023,48.3,55.14
Azerbaiyán,2022,236.65,63.44
Vietnam,2011,332.03,67.02
India,2006,176.17,67.19
Hungría,2013,86.15,59.32
Reino Unido,2021,2713.03,82.32
Armenia,2005,84.14,62.55
Rusia,2016,2102.36,80.74
India,2000,169.83,64.07
Irak,2012,55.49,56.63
Sudáfrica,2012,110.94,62.72
Etiopía,2007,87.2,54.93
Nicaragua,2006,235.4,67.47
Rumania,2004,143.82,64.12
Hungría,2004,67.64,60.86
Tailandia,2002,415.83,71.63
Senegal,2000,117.87,59.57
Marruecos,2009,154.05,63.22
Canadá,2009,6530.85,85.0
Bangladesh,2012,193.4,67.32
Argentina,2021,1571.94,79.25
Azerbaiyán,2009,167.14,67.92
Myanmar,2023,125.01,62.63
Indonesia,2012,182.61,66.86
Rumania,2014,208.38,65.76
Sudáfrica,2013,110.65,61.51
Jamaica,2002,134.54,64.22
Egipto,2006,144.68,64.01
Bélgica,2012,7840.1,85.0
Bulgaria,2010,98.71,64.92
Grecia,2018,53.87,59.05
Mozambique,2015,77.79,59.45
Haití,2023,259.12,68.51
Jordania,2016,123.26,63.39
Reino Unido,2023,2735.25,78.31
España,2023,6723.83,83.67
Uruguay,2014,159.81,61.11
Cuba,2006,67.64,63.03
Rumania,2017,236.82,68.56
Colombia,2001,779.27,72.19
Chile,2013,2437.14,81.59
Irán,2022,1628.35,78.34
Ruanda,2009,68.76,61.55
Egipto,2012,180.05,62.03
Irak,2013,60.11,59.9
Argentina,2000,1082.03,73.92
Estados Unidos,2000,5313.56,85.0
Honduras,2015,341.44,71.89
Nueva Zelanda,2019,4142.08,85.0
Bulgaria,2015,119.51,61.72
Etiopía,2017,124.32,61.83
Austria,2012,8326.65,85.0
Bangladesh,2018,247.14,68.21
Georgia,2002,119.08,64.61
Australia,2015,9358.43,85.0
Honduras,2002,310.0,72.03
Ghana,2002,33.57,56.26
Polonia,2014,192.62,64.43
Argelia,2005,118.64,62.01
Turquía,2019,1842.99,81.92
Tanzania,2001,108.43,61.52
Sudáfrica,2001,89.26,61.95
Malasia,2011,606.15,68.96
China,2011,810.54,74.79
Cuba,2012,69.11,63.16
México,2018,2002.54,79.49
Honduras,2019,369.1,66.69
Malawi,2016,163.8,63.06
Camboya,2015,110.13,61.63
Irán,2014,1271.05,75.81
Dinamarca,2003,4640.65,82.61
Argentina,2019,1519.51,80.11
Costa Rica,2008,70.46,63.22
Zambia,2017,210.84,63.36
Singapur,2000,3422.13,77.57
Filipinas,2010,177.57,65.82
Finlandia,2000,3652.04,85.0
Senegal,2021,170.67,68.42
Bolivia,2000,302.26,67.81
Finlandia,2016,4190.21,85.0
Rep. Dominicana,2008,92.68,61.64
Camerún,2022,268.26,68.38
Francia,2013,5575.23,85.0
Portugal,2019,8423.18,85.0
Haití,2001,142.11,66.64
Uganda,2020,182.9,63.47
Irak,2000,46.97,58.25
Tanzania,2011,162.45,67.08
Bulgaria,2014,113.94,60.46
Senegal,2002,124.6,60.3
India,2009,212.09,67.3
Azerbaiyán,2007,159.61,64.68
Argelia,2012,130.58,63.68
Bangladesh,2014,206.1,64.11
Jamaica,2006,151.75,62.75
Hungría,2018,109.71,62.8
Armenia,2016,94.79,59.72
Chequia,2013,124.27,64.26
Argelia,2011,125.53,62.91
Marruecos,2004,151.32,64.83
Argelia,2002,97.82,64.29
Paraguay,2002,143.62,61.74
Jamaica,2005,144.79,64.25
Bélgica,2021,11038.51,85.0
Portugal,2004,4657.89,85.0
Perú,2015,878.24,71.84
Brasil,2001,834.96,75.88
Nepal,2018,171.96,64.46
Indonesia,2005,158.13,63.07
Dinamarca,2013,6971.97,85.0
Rumania,2009,169.84,64.17
Uzbekistán,2016,202.22,65.66
El Salvador,2020,208.76,68.3
Portugal,2009,5516.95,83.27
Tailandia,2001,410.61,69.16
Irak,2006,48.56,55.98
Venezuela,2000,79.8,60.5
Camboya,2018,116.89,58.76
Ruanda,2011,71.54,58.33
Haití,2022,233.03,66.05
Camerún,2007,165.85,62.49
Zimbabwe,2017,49.89,54.18
Tailandia,2017,638.49,72.54
Jordania,2012,111.08,60.76
Canadá,2002,5176.62,81.95
Sri Lanka,2022,156.2,66.98
Singapur,2011,4903.8,84.95
Perú,2008,715.17,73.38
Colombia,2012,1103.31,78.54
Polonia,2013,205.98,66.9
Camboya,2005,73.61,58.08
Paraguay,2017,202.25,63.63
Myanmar,2002,89.48,64.32
Turquía,2011,1571.69,78.67
Países Bajos,2016,8748.44,85.0
Ucrania,2017,195.22,65.47
Rep. Dominicana,2006,85.85,63.98
Camboya,2000,59.59,56.62
Bolivia,2016,431.17,70.49
Suecia,2018,8540.2,85.0
Sri Lanka,2014,111.45,65.4
Malawi,2019,176.02,67.14
Rusia,2017,2120.12,77.77
Haití,2015,211.9,66.92
Israel,2016,3371.79,81.64
Panamá,2022,287.59,68.82
Nueva Zelanda,2004,2647.67,81.24
Reino Unido,2022,2759.01,83.3
Polonia,2017,206.24,67.4
Tanzania,2008,149.45,60.27
Bélgica,2015,9234.73,85.0
Tailandia,2013,590.12,72.95
Hungría,2002,57.88,59.4
Francia,2020,6162.42,81.31
Malawi,2013,140.98,63.64
Kazajistán,2004,456.87,71.91
Filipinas,2008,162.74,68.71
Francia,2021,6612.42,85.0
Kenia,2013,151.09,60.36
Filipinas,2005,141.74,63.12
Japón,2009,8649.51,85.0
Rusia,2015,2036.07,78.54
Etiopía,2012,106.62,61.61
Tailandia,2009,497.15,69.35
Singapur,2012,5386.13,83.93
Bolivia,2006,349.58,68.17
Portugal,2011,6321.73,85.0
Perú,2000,696.96,75.04
Jordania,2022,129.74,62.95
Vietnam,2020,429.76,69.54
Filipinas,2023,246.21,70.45
Australia,2014,9147.87,83.73
Rep. Dominicana,2001,72.58,62.41
Guatemala,2011,399.98,69.31
Arabia Saudita,2017,2764.24,78.15
Ghana,2011,40.56,55.73
Kenia,2023,211.15,65.22
Países Bajos,2022,8322.76,81.61
Jamaica,2000,134.89,65.3
Rumania,2010,171.35,63.19
Pakistán,2018,243.57,69.78
Reino Unido,2002,2075.0,80.37
Mozambique,2010,69.09,60.7
Chequia,2006,106.64,61.98
Estados Unidos,2016,7649.68,85.0
Argelia,2014,130.52,65.33
Ecuador,2019,570.63,72.3
Ghana,2021,60.73,60.37
Kazajistán,2017,628.26,76.07
Italia,2020,4797.22,82.65
Dinamarca,2020,8769.02,85.0
Sri Lanka,2020,138.4,66.56
Australia,2000,6668.65,84.8
Alemania,2023,12536.26,85.0
Canadá,2000,5531.36,83.29
Cuba,2014,71.29,62.12
Paraguay,2014,191.5,63.57
Ghana,2020,59.27,59.89
Cuba,2018,77.49,59.51
Malasia,2022,807.75,74.19
Egipto,2016,193.07,67.6
Francia,2018,5909.54,82.71
El Salvador,2012,169.27,63.21
Costa Rica,2006,75.21,59.87
Líbano,2015,74.15,59.02
Haití,2007,172.11,67.74
Honduras,2009,343.21,69.31
Irak,2018,59.94,60.28
Paraguay,2023,232.59,63.84
Chile,2003,1860.4,85.0
Camboya,2001,64.01,58.42
Guatemala,2017,435.55,70.74
Grecia,2004,47.36,57.48
Suecia,2004,4992.93,85.0
Myanmar,2000,84.98,60.22
China,2012,910.31,75.23
Hungría,2019,117.55,60.03
Arabia Saudita,2014,2371.76,81.26
Kazajistán,2009,474.3,69.22
Perú,2004,648.56,72.43
Arabia Saudita,2004,1725.94,74.07
Bolivia,2017,458.96,74.3
Estados Unidos,2007,6269.44,85.0
Francia,2011,5288.73,85.0
Marruecos,2017,199.08,64.63
Filipinas,2018,215.97,65.71
Argentina,2017,1414.88,76.43
Mozambique,2022,94.69,63.52
Nicaragua,2017,368.06,70.21
Georgia,2021,217.08,66.23
Dinamarca,2001,4721.02,81.37
Sudáfrica,2016,117.19,63.27
Camboya,2020,123.47,60.12
Azerbaiyán,2018,204.85,64.93
Argentina,2001,1110.36,76.48
Nigeria,2011,105.3,63.51
Israel,2005,2877.35,80.75
Singapur,2013,5184.04,80.67
Paraguay,2003,144.05,61.43
Jordania,2009,121.39,60.77
Bélgica,2020,10770.7,85.0
México,2023,2521.35,76.9
Vietnam,2016,386.43,70.21
Venezuela,2020,106.19,61.88
Bangladesh,2011,190.05,67.14
Francia,2002,3662.88,83.34
Egipto,2007,156.52,61.82
Bulgaria,2006,97.05,59.39
Kazajistán,2021,653.1,73.37
Myanmar,2010,91.58,61.64
Ruanda,2007,76.72,57.21
Panamá,2018,259.67,65.25
Corea del Sur,2002,3066.36,81.06
Noruega,2000,3922.06,85.0
Turquía,2013,1633.52,77.61
Costa Rica,2000,56.7,55.72
Australia,2010,8832.93,85.0
Nicaragua,2015,335.03,66.77
Ruanda,2017,80.93,61.27
Irán,2013,1235.53,74.41
Venezuela,2018,103.59,61.8
Reino Unido,2007,2445.14,81.36
Honduras,2011,373.71,72.05
Honduras,2018,394.75,69.82
Ruanda,2022,82.04,60.66
Malasia,2012,624.17,72.65
Estados Unidos,2001,5462.44,79.12
India,2004,198.23,66.52
Paraguay,2004,164.96,64.68
Nepal,2022,193.73,65.06
Ucrania,2007,145.56,65.53
Kazajistán,2023,704.46,74.12
Paraguay,2021,237.94,67.82
Kazajistán,2018,632.49,74.73
Israel,2021,3308.68,84.11
Nueva Zelanda,2008,2793.08,80.39
India,2023,231.25,67.09
Noruega,2017,7518.7,85.0
Ghana,2009,42.05,54.89
Pakistán,2000,129.99,65.68
Cuba,2000,55.88,57.22
Grecia,2021,54.25,62.34
Singapur,2020,6627.86,84.93
México,2013,1683.87,77.5
Costa Rica,2001,57.83,60.64
Azerbaiyán,2014,191.39,69.78
Honduras,2008,332.92,70.14
India,2005,198.4,64.63
Bulgaria,2017,111.57,61.96
Ucrania,2015,185.53,64.52
Cuba,2001,56.72,60.8
Francia,2017,6045.82,85.0
Ucrania,2020,221.38,62.42
Irán,2002,838.42,74.39
Panamá,2003,149.58,63.09
Estados Unidos,2004,5768.65,83.12
Bélgica,2000,5513.1,85.0
Irán,2011,1115.65,76.46
Costa Rica,2022,92.07,63.34
Japón,2011,8538.78,85.0
Sri Lanka,2002,75.55,57.01
Estados Unidos,2002,5870.78,85.0
Estados Unidos,2015,7365.6,85.0
Italia,2002,3277.51,83.47
Uganda,2021,194.66,67.02
Bolivia,2009,367.92,70.26
Australia,2004,7606.58,85.0
Turquía,2023,1888.91,81.14
Venezuela,2011,99.86,64.44
Turquía,2003,1352.56,76.02
Egipto,2014,186.01,67.96
Haití,2016,203.51,65.74
Azerbaiyán,2021,220.77,66.37
Zambia,2014,192.63,63.17
Marruecos,2019,209.47,67.12
Alemania,2018,10312.74,85.0
México,2008,1372.34,74.08
Zambia,2001,136.22,63.31
Rusia,2004,1675.04,76.77
El Salvador,2004,153.21,63.9
Ruanda,2002,70.24,57.22
Kazajistán,2019,613.56,69.92
Cuba,2019,78.67,62.54
Costa Rica,2014,80.04,61.66
Chile,2009,2390.14,76.38
Tailandia,2022,753.72,76.33
Perú,2001,593.82,71.07
Bolivia,2005,329.15,69.42
Bangladesh,2000,138.2,64.21
Austria,2003,7219.35,85.0
Camerún,2010,191.56,63.6
China,2008,776.9,74.58
Kazajistán,2005,503.47,70.54
Líbano,2004,53.56,57.31
Kenia,2011,135.5,64.19
Chile,2019,2953.97,81.12
Colombia,2004,811.72,75.43
Cuba,2008,65.95,59.96
Chequia,2012,118.64,63.27
Ghana,2001,29.7,57.66
Zimbabwe,2019,45.92,58.05
Jamaica,2015,158.35,61.04
Etiopía,2014,108.1,60.94
Rusia,2018,2157.88,81.92
Alemania,2012,8273.11,85.0
España,2020,6482.98,85.0
Ucrania,2010,152.54,62.23
Cuba,2015,79.72,59.33
Irak,2001,42.9,57.15
Jordania,2015,121.39,65.55
Zambia,2003,144.35,61.29
Alemania,2013,8610.91,83.6
Israel,2023,3354.93,81.8
Bangladesh,2017,241.51,64.36
Uganda,2003,102.14,59.32
Italia,2022,5320.63,85.0
Noruega,2018,7703.39,85.0
Túnez,2022,136.27,63.29
Bélgica,2008,7300.68,85.0
Zambia,2020,227.86,66.32
Singapur,2014,5485.32,85.0
Australia,2001,7564.17,85.0
Colombia,2015,1177.24,76.98
Bolivia,2010,398.43,71.65
Camboya,2012,94.39,59.71
Reino Unido,2008,2375.56,84.41
Uzbekistán,2019,219.04,64.43
Bangladesh,2021,260.97,63.35
Malawi,2005,124.24,62.65
Alemania,2019,10480.16,85.0
Myanmar,2012,96.95,61.07
Camerún,2008,191.45,63.59
China,2019,962.48,73.55
Myanmar,2006,89.53,58.87
Nigeria,2020,137.6,63.43
Indonesia,2007,168.84,62.74
Jamaica,2014,161.32,62.44
Países Bajos,2007,7323.03,85.0
Marruecos,2018,210.69,62.31
Filipinas,2020,221.75,66.23
Finlandia,2019,4221.21,83.34
Bélgica,2023,11395.55,83.33
Bangladesh,2015,225.19,64.52
Argentina,2023,1638.7,78.52
Indonesia,2018,217.85,63.57
Nigeria,2001,76.4,59.15
Argentina,2015,1352.12,77.76
Myanmar,2011,102.64,60.83
Ruanda,2012,81.66,60.54
Argelia,2023,143.31,61.64
Corea del Sur,2009,3522.73,80.37
Jordania,2021,129.06,61.11
Filipinas,2001,124.45,62.39
Líbano,2020,82.93,60.13
Indonesia,2021,214.95,67.18
Venezuela,2013,105.08,58.48
Portugal,2023,9275.34,85.0
Tailandia,2000,393.81,69.31
Italia,2001,2944.98,77.73
Ucrania,2018,199.75,60.73
Venezuela,2006,90.22,59.62
Chequia,2008,103.21,60.59
Trinidad,2015,188.29,67.08
Honduras,2020,388.81,72.92
Líbano,2007,59.96,62.02
Argentina,2011,1352.67,81.2
Venezuela,2015,103.49,63.34
Mozambique,2001,51.63,59.93
Canadá,2003,5873.0,85.0
España,2005,4155.74,85.0
Ecuador,2018,588.98,70.87
Grecia,2022,53.1,58.41
Suecia,2019,8957.56,85.0
Uruguay,2016,161.47,64.58
Zambia,2009,164.41,63.77
Uganda,2022,194.03,68.27
Túnez,2019,126.81,65.1
Hungría,2021,127.75,65.61
Nepal,2021,187.17,64.78
México,2020,2228.89,79.11
Noruega,2016,6872.13,84.4
Costa Rica,2021,94.07,58.8
Estados Unidos,2010,6568.7,85.0
Arabia Saudita,2023,3312.57,83.58
Ucrania,2006,138.8,64.78
Colombia,2011,1077.48,77.15
China,2002,667.71,72.19
Hungría,2003,64.17,60.65
Tailandia,2005,431.98,71.58
Guatemala,2006,379.96,68.8
Etiopía,2008,89.35,57.8
Túnez,2017,123.93,59.46
Tanzania,2002,114.2,65.14
Ghana,2014,51.9,58.53
Suecia,2017,8113.65,85.0
Vietnam,2010,334.48,67.49
Cuba,2021,82.41,62.93
Tanzania,2015,191.4,63.12
Sudáfrica,2019,126.7,66.49
Haití,2002,154.14,66.45
Colombia,2006,941.36,75.54
Brasil,2008,1019.39,73.89
Turquía,2006,1444.75,75.78
Marruecos,2000,142.72,64.39
Líbano,2018,78.51,56.63
Costa Rica,2020,92.56,61.68
Rumania,2021,264.32,69.76
Zambia,2002,151.36,65.89
Senegal,2013,141.8,59.48
Honduras,2017,362.18,65.86
Venezuela,2017,114.9,59.76
Reino Unido,2014,2363.27,76.12
Nepal,2016,166.67,66.31
Azerbaiyán,2004,137.95,57.75
Nueva Zelanda,2017,3601.25,78.23
Finlandia,2015,4156.76,84.43
Francia,2005,4229.2,83.32
Malawi,2002,115.21,60.05
Malasia,2015,714.57,74.74
Armenia,2010,84.45,63.31
Jamaica,2003,137.86,64.84
Mozambique,2023,102.89,64.64
Hungría,2014,91.98,59.35
Mozambique,2007,66.63,56.58
Paraguay,2005,150.29,64.5
Myanmar,2019,111.98,63.28
Canadá,2019,7350.86,85.0
Cuba,2003,57.97,59.49
Francia,2010,4810.7,85.0
Túnez,2009,111.28,59.28
España,2009,4749.44,84.66
Argelia,2010,121.81,67.25
Suecia,2003,4851.05,82.77
Austria,2001,7204.99,85.0
Tanzania,2016,200.51,68.79
Turquía,2012,1720.21,76.0
Rep. Dominicana,2015,111.17,66.09
Sri Lanka,2005,82.3,60.31
Camerún,2000,138.67,63.67
Jordania,2020,128.71,59.39
Sri Lanka,2007,92.36,58.62
Kenia,2021,196.0,67.09
Brasil,2021,1539.1,74.64
Irak,2017,57.23,62.25
Italia,2003,3179.58,76.59
Honduras,2006,326.04,66.31
Finlandia,2017,4121.93,83.67
España,2012,5373.81,85.0
Australia,2012,9003.37,85.0
Alemania,2005,6752.19,85.0
Corea del Sur,2017,4043.27,81.93
Túnez,2001,90.36,61.85
Rep. Dominicana,2004,82.0,64.89
Israel,2007,2910.93,82.79
Panamá,2009,182.95,67.34
Marruecos,2021,220.04,62.68
Estados Unidos,2006,5851.2,85.0
Brasil,2006,971.57,77.61
Alemania,2008,7191.65,83.88
Nigeria,2012,112.73,60.14
Armenia,2007,80.02,60.81
Irán,2017,1273.76,76.91
Israel,2010,3091.88,85.0
Ucrania,2002,121.66,63.2
Reino Unido,2000,1998.2,77.14
Nicaragua,2008,259.82,67.55
Canadá,2004,5390.6,85.0
Argelia,2018,142.13,63.17
Turquía,2002,1466.29,74.44
Egipto,2017,192.37,59.84
Nicaragua,2016,349.34,65.56
Colombia,2019,1371.36,78.61
Malasia,2008,602.35,71.47
Australia,2013,9046.67,85.0
Bulgaria,2019,127.85,62.61
Bangladesh,2001,152.93,66.32
Uruguay,2021,175.31,63.37
Armenia,2001,74.22,61.64
Chequia,2005,100.77,61.7
Filipinas,2021,246.51,64.72
Canadá,2015,6743.02,83.93
Reino Unido,2006,2244.67,79.25
Rumania,2001,135.62,62.46
Túnez,2014,110.91,59.11
Líbano,2013,69.18,58.08
Kenia,2002,101.39,64.23
Honduras,2012,374.46,68.35
Países Bajos,2021,8784.84,85.0
China,2005,826.89,71.24
Georgia,2016,176.88,66.33
El Salvador,2003,148.82,63.97
Argelia,2013,128.25,60.97
Rep. Dominicana,2021,139.18,63.43
Francia,2001,4009.14,84.79
Bolivia,2007,351.91,69.03
Egipto,2004,152.71,65.37
Vietnam,2000,297.42,66.5
Líbano,2010,64.44,58.97
Perú,2003,679.5,74.37
Kenia,2006,112.71,64.96
Panamá,2010,185.4,68.11
Bulgaria,2002,84.01,63.6
Arabia Saudita,2020,3051.34,82.93
Brasil,2015,1328.03,75.67
Haití,2006,170.46,66.22
Etiopía,2005,83.24,60.27
Uzbekistán,2012,167.44,61.99
El Salvador,2019,211.94,66.95
Venezuela,2002,78.45,60.02
Ucrania,2009,157.21,61.62
Uzbekistán,2007,147.84,62.06
Alemania,2010,7556.16,85.0
El Salvador,2010,180.56,60.99
Malawi,2020,180.28,66.94
Guatemala,2002,349.35,68.14
Japón,2022,11154.01,85.0
Nueva Zelanda,2006,2594.81,82.27
España,2003,4231.2,83.51
Filipinas,2007,143.36,62.67
Dinamarca,2015,7512.6,85.0
Malasia,2021,781.84,74.18
Australia,2009,8500.88,85.0
Bulgaria,2009,97.62,63.82
Indonesia,2009,176.89,65.37
Jordania,2007,106.72,64.93
Suecia,2014,7358.0,83.76
Nepal,2013,146.18,65.16
Uzbekistán,2017,198.62,67.81
Nueva Zelanda,2002,2261.05,82.26
Canadá,2020,7903.02,85.0
Líbano,2016,73.35,60.08
Jordania,2000,102.11,57.82
Nueva Zelanda,2003,2376.45,78.38
Bélgica,2002,6270.25,85.0
Kazajistán,2007,467.35,71.1
Argentina,2005,1199.04,81.04
Uganda,2004,102.24,63.71
Filipinas,2017,198.36,66.98
Rumania,2015,214.59,64.97
Camboya,2013,100.76,60.65
Tailandia,2014,599.28,73.58
Camboya,2008,81.68,61.14
Rusia,2014,2011.65,80.55
Costa Rica,2005,64.46,59.41
Uzbekistán,2011,154.66,61.85
Bangladesh,2006,158.34,62.81
Austria,2015,9088.82,85.0
Corea del Sur,2007,3307.43,84.81
Túnez,2018,128.36,63.92
España,2007,4509.88,85.0
Camerún,2002,141.52,66.73
Rusia,2022,2172.7,78.47
Polonia,2011,183.19,65.51
Turquía,2022,1834.6,75.63
Rumania,2020,247.79,66.34
Irak,2021,67.29,61.99
Nueva Zelanda,2016,3311.2,79.38
Mozambique,2009,71.39,58.95
Túnez,2021,134.42,62.75
El Salvador,2006,158.0,63.28
Bélgica,2011,8047.25,85.0
Nueva Zelanda,2009,2726.1,81.55
Australia,2003,7752.46,85.0
Rusia,2012,1752.59,78.41
Austria,2019,9672.52,85.0
Pakistán,2001,141.99,62.49
Nicaragua,2007,249.17,69.21
Panamá,2014,214.19,65.56
España,2008,4706.98,85.0
Polonia,2018,218.19,66.71
Nueva Zelanda,2013,3139.86,82.32
Tailandia,2020,699.01,70.23
Honduras,2004,286.51,70.81
Israel,2008,2709.48,81.45
Uzbekistán,2021,237.74,64.94
China,2017,925.15,74.48
Vietnam,2023,482.37,68.57
Perú,2021,935.26,73.29
China,2015,937.37,73.79
México,2002,1214.72,77.73
Japón,2005,8847.94,84.58
España,2000,3969.81,85.0
Rusia,2007,1806.45,78.88
Nicaragua,2003,203.56,69.34
Zimbabwe,2022,47.05,60.59
Guatemala,2001,357.96,69.62
Costa Rica,2016,84.91,61.98
Camboya,2011,91.24,57.63
Azerbaiyán,2010,158.7,64.32
Rep. Dominicana,2007,87.38,61.49
Guatemala,2007,391.11,68.8
Singapur,2004,4005.53,82.79
Singapur,2018,6180.84,85.0
Uruguay,2004,121.11,62.72
Finlandia,2005,3723.55,84.69
Noruega,2015,6657.54,85.0
Arabia Saudita,2009,1902.9,78.85
Suecia,2020,9053.03,85.0
Bulgaria,2021,129.23,65.43
Francia,2007,4694.54,82.19
Cuba,2007,62.38,58.2
Guatemala,2009,351.45,68.3
India,2015,201.78,68.01
Malasia,2001,515.71,70.57
Uruguay,2010,136.94,64.67
Cuba,2005,62.81,55.98
Kazajistán,2001,444.75,69.4
Senegal,2018,151.26,64.47
Austria,2000,6712.71,85.0
Honduras,2022,401.64,69.23
Suiza,2015,3729.83,81.26
Finlandia,2022,4215.85,84.93
Cuba,2017,76.63,63.86
Georgia,2005,130.48,62.65
Finlandia,2009,3838.4,84.77
Marruecos,2010,182.39,62.06
Países Bajos,2001,7483.6,85.0
Zimbabwe,2004,43.82,58.25
Nicaragua,2012,300.58,67.73
Bangladesh,2013,208.58,67.08
Uganda,2002,88.57,61.39
Trinidad,2022,204.23,65.96
Suiza,2003,3608.66,83.85
Rumania,2013,204.55,65.59
Bolivia,2014,407.26,68.66
Bolivia,2002,305.28,67.61
Suiza,2001,3619.91,85.0
Irak,2014,54.8,57.0
Bolivia,2019,465.6,71.62
Francia,2019,5862.51,85.0
Ecuador,2007,505.59,70.49
Ecuador,2014,545.38,69.75
Nigeria,2005,100.32,62.16
Guatemala,2008,342.84,66.84
Francia,2014,5924.62,85.0
Túnez,2023,144.46,61.69
Grecia,2015,53.84,60.4
Camerún,2017,225.21,67.25
Costa Rica,2011,77.14,62.15
Paraguay,2006,158.09,63.92
España,2017,5907.6,85.0
Jordania,2004,115.55,62.1
Dinamarca,2022,9633.18,84.97
Indonesia,2019,226.87,68.8
Líbano,2019,80.33,62.03
Perú,2016,910.71,70.62
Trinidad,2014,164.11,63.73
Indonesia,2013,202.5,63.51
El Salvador,2022,224.34,65.78
Suecia,2013,6970.2,85.0
Tailandia,2011,560.22,74.68
Egipto,2008,161.19,64.17
Arabia Saudita,2016,2626.3,81.93
Polonia,2004,162.45,63.78
Polonia,2019,246.91,65.11
Portugal,2014,6675.24,85.0
México,2015,1849.38,76.52
Grecia,2023,61.87,58.94
Guatemala,2023,469.66,68.72
Indonesia,2011,202.19,68.47
Irak,2022,62.9,56.82
Túnez,2010,103.3,62.15
Canadá,2018,7192.71,85.0
Italia,2006,3493.74,83.48
Chequia,2001,94.08,61.55
Senegal,2006,119.35,65.2
Haití,2009,180.26,62.27
Singapur,2005,4141.89,80.61
Venezuela,2007,96.7,61.75
Camboya,2017,113.37,63.18
Kenia,2005,112.37,63.23
Sri Lanka,2021,154.03,64.22
Hungría,2005,67.82,61.6
Nigeria,2013,115.33,65.05
Corea del Sur,2013,3714.13,84.45
Ruanda,2003,65.51,56.67
Senegal,2008,127.97,66.32
Tanzania,2014,183.62,66.14
España,2015,5834.07,85.0
Filipinas,2002,136.88,65.37
Ruanda,2013,78.92,58.76
Malawi,2023,185.53,65.87
Australia,2011,8842.57,85.0
Grecia,2001,44.74,55.9
Mozambique,2021,97.07,62.37
Argelia,2020,144.42,59.85
Suiza,2010,3952.58,84.05
Dinamarca,2000,4502.73,82.84
Brasil,2019,1457.2,79.19
Bangladesh,2020,261.22,66.2
Guatemala,2010,388.84,72.94
Camboya,2022,136.11,63.37
Chile,2005,2015.71,80.43
Israel,2006,2843.49,79.75
Egipto,2001,121.35,60.91
Uganda,2001,86.05,64.66
Chile,2011,2303.83,82.08
Camerún,2021,242.2,67.36
Jamaica,2017,162.09,67.66
Azerbaiyán,2012,175.4,66.22
Noruega,2010,5862.87,85.0
Camerún,2012,207.42,68.06
Zimbabwe,2000,41.47,59.38
Ghana,2005,38.32,51.89
Nueva Zelanda,2001,2055.74,78.46
Myanmar,2008,89.84,60.01
Senegal,2001,123.66,64.09
Túnez,2007,104.14,61.08
Túnez,2003,99.42,63.62
Jordania,2023,139.37,64.05
Portugal,2016,7198.54,85.0
Colombia,2000,718.26,73.61
Jamaica,2020,183.81,64.32
Kenia,2015,158.24,61.95
Egipto,2009,151.08,62.38
Hungría,2016,100.8,57.75
Jamaica,2001,128.46,61.87
Nepal,2012,149.08,62.51
Trinidad,2002,147.52,64.49
Japón,2006,8856.57,85.0
Grecia,2008,48.76,54.26
Corea del Sur,2006,3068.93,82.61
Nepal,2000,109.3,60.47
Azerbaiyán,2017,212.3,65.51
Japón,2004,8012.54,85.0
Azerbaiyán,2019,218.8,65.94
Australia,2008,7974.14,84.88
Australia,2023,10617.02,85.0
Indonesia,2023,243.91,66.21
Honduras,2023,371.33,69.21
Camerún,2023,267.26,66.23
Panamá,2021,269.21,68.22
Armenia,2023,97.33,63.1
Malawi,2014,158.36,64.62
Sri Lanka,2017,129.55,64.98
Arabia Saudita,2007,1784.06,77.48
Etiopía,2004,81.68,59.6
Honduras,2021,395.64,66.68
Paraguay,2010,164.39,67.33
Países Bajos,2023,8810.24,85.0
Noruega,2014,6633.07,85.0
Túnez,2020,126.15,65.31
Tanzania,2021,234.53,68.04
Armenia,2017,93.62,57.29
Irak,2007,50.99,60.26
Argelia,2015,127.21,65.95
Vietnam,2004,295.84,66.62
Turquía,2017,1764.81,77.93
Ecuador,2004,463.88,72.81
Corea del Sur,2012,3656.26,82.22
Mozambique,2012,73.37,54.85
Malasia,2002,504.09,68.75
Honduras,2003,296.88,65.53
Reino Unido,2020,2606.5,83.84
Dinamarca,2002,4719.7,85.0
Portugal,2008,5326.84,82.32
India,2018,212.54,68.55
Marruecos,2016,190.8,63.2
Vietnam,2022,450.09,71.65
Canadá,2023,7853.29,85.0
Canadá,2005,5935.21,84.74
Myanmar,2007,88.12,59.3
Portugal,2005,4898.09,80.76
Azerbaiyán,2001,138.1,64.43
Polonia,2009,182.5,66.09
Etiopía,2020,132.02,67.3
Singapur,2007,4519.59,84.15
Austria,2017,8566.75,85.0
Zambia,2018,213.12,66.36
Tailandia,2016,651.53,74.35
Bélgica,2004,6195.11,83.99
Egipto,2002,134.76,63.63
Japón,2007,8065.61,84.51
Ecuador,2023,609.84,71.77
Países Bajos,2010,7530.13,85.0
Armenia,2018,99.98,60.68
Guatemala,2022,484.24,69.84
Ucrania,2011,169.07,66.64
Líbano,2003,54.94,60.78
Japón,2003,7684.42,85.0
Suiza,2009,3547.89,79.24
Alemania,2004,6239.97,85.0
España,2022,6573.21,83.96
Vietnam,2021,446.96,71.36
Costa Rica,2017,87.26,63.08
Marruecos,2023,226.61,68.81
Sudáfrica,2003,88.82,60.61
Jordania,2008,113.11,62.87
Nepal,2002,110.56,62.98
India,2003,189.83,64.11
Rusia,2023,2266.17,80.08
Ucrania,2001,118.49,61.14
Brasil,2017,1394.48,77.65
Etiopía,2013,110.98,60.1
Azerbaiyán,2013,182.17,66.44
Kenia,2003,96.0,61.76
Malasia,2016,687.5,73.73
Egipto,2023,233.9,66.71
Vietnam,2007,313.0,67.77
Rumania,2006,157.41,64.32
Francia,2009,4807.31,82.36
Sri Lanka,2006,86.63,63.74
Senegal,2011,138.93,63.77
Nueva Zelanda,2021,4148.66,85.0
Japón,2010,8309.72,85.0
Pakistán,2020,258.09,70.03
Jamaica,2013,155.21,64.5
Mozambique,2008,64.98,62.19
Guatemala,2013,410.74,71.45
Bélgica,2013,8774.08,85.0
Uzbekistán,2013,169.92,65.61
Nicaragua,2022,433.98,68.77
Myanmar,2014,101.69,62.77
Paraguay,2020,222.62,64.63
Arabia Saudita,2013,2384.0,81.05
Estados Unidos,2023,8965.4,85.0
Trinidad,2016,178.29,64.37
Nepal,2010,137.62,63.26
Venezuela,2016,112.46,62.54
Malawi,2021,181.79,67.8
Suiza,2017,4170.71,83.5
Países Bajos,2000,7229.13,85.0
Kazajistán,2000,441.68,68.64
Israel,2003,2585.19,74.9
Túnez,2012,110.39,59.55
Argentina,2010,1375.94,74.11
Alemania,2007,7312.35,85.0
Jordania,2005,114.43,62.65
Sri Lanka,2019,143.7,62.8
España,2016,5673.78,82.39
Israel,2020,3444.89,82.83
Costa Rica,2003,64.86,59.57
Irán,2020,1457.55,78.35
Trinidad,2001,137.4,64.34
Senegal,2004,123.68,66.54
Zimbabwe,2011,46.12,55.97
Chequia,2003,95.29,60.74
Nigeria,2002,88.08,63.75
Líbano,2002,50.35,57.74
Austria,2016,8451.62,85.0
Países Bajos,2013,8241.73,85.0
Kenia,2017,170.23,63.28
Uganda,2012,138.17,63.88
Uzbekistán,2008,147.3,63.04
Filipinas,2013,183.57,67.08
Pakistán,2003,139.14,63.5
Ghana,2018,56.25,58.69
Chile,2022,3281.61,80.65
Tanzania,2007,132.12,59.57
Portugal,2010,5655.12,85.0
Corea del Sur,2003,2926.31,84.14
Bélgica,2001,5581.74,85.0
Trinidad,2018,189.33,66.27
Polonia,2003,156.1,64.07
Sudáfrica,2008,105.67,64.42
Turquía,2021,1785.17,78.74
Kazajistán,2006,479.92,71.81
Trinidad,2009,152.33,66.47
Colombia,2009,966.26,73.23
Israel,2013,3180.6,82.17
Polonia,2002,159.72,64.44
Túnez,2013,110.15,63.68
Ecuador,2006,511.94,71.22
Suecia,2006,5321.64,82.85
El Salvador,2017,190.05,66.86
México,2006,1226.09,75.12
Chequia,2007,96.69,64.04
Tanzania,2009,148.51,64.88
Zambia,2016,204.82,67.92
Austria,2021,8859.18,85.0
Haití,2012,189.59,61.64
Bolivia,2013,440.24,68.69
Ecuador,2020,603.18,71.12
Rep. Dominicana,2019,129.32,62.07
Jamaica,2010,151.06,62.96
Corea del Sur,2021,4231.41,84.77
Zimbabwe,2020,50.47,53.31
Tailandia,2018,686.73,72.47
Uganda,2018,166.84,63.92
Myanmar,2021,118.96,60.9
El Salvador,2015,195.6,63.34
Rep. Dominicana,2010,100.26,59.67
Arabia Saudita,2021,3164.93,81.57
Corea del Sur,2010,3382.84,82.63
Dinamarca,2016,7825.95,85.0
Uganda,2017,167.36,68.58
China,2001,627.63,75.43
Colombia,2014,1200.98,74.41
Georgia,2019,201.23,64.62
Suecia,2009,6011.86,82.34
Vietnam,2002,277.73,67.54
Argentina,2006,1205.06,76.75
Kenia,2022,194.56,68.21
Camboya,2007,81.91,56.98
Pakistán,2015,215.91,66.16
Chile,2017,2666.53,81.13
Rumania,2003,137.86,62.75
Ghana,2006,38.08,54.9
Pakistán,2013,208.77,68.53
Bulgaria,2001,81.79,60.25
España,2013,5341.68,84.52
Australia,2019,10212.13,85.0
Israel,2002,2814.41,78.23
Malasia,2004,561.5,69.95
Guatemala,2021,467.83,71.33
Cuba,2020,80.51,61.47
Japón,2014,9648.84,85.0
Italia,2021,4971.75,83.01
Brasil,2007,969.59,76.89
Países Bajos,2002,7216.59,85.0
Chequia,2015,127.64,62.82
Ruanda,2000,59.72,56.59
Venezuela,2022,120.1,60.89
Zimbabwe,2014,45.78,57.06
El Salvador,2014,193.2,68.07
Canadá,2008,6311.2,85.0
Sudáfrica,2009,100.15,60.3
Nicaragua,2005,234.19,66.45
Ecuador,2003,473.67,70.33
Sudáfrica,2017,134.18,63.45
Rusia,2008,1916.14,80.89
Hungría,2006,69.37,57.82
Jordania,2010,119.35,61.56
Ecuador,2011,499.13,68.61
Nigeria,2022,144.66,64.28
Bangladesh,2016,231.46,63.84
Argelia,2006,120.61,62.64
Uzbekistán,2003,122.01,63.97
Marruecos,2014,189.95,64.18
Kenia,2000,85.51,58.57
Ucrania,2012,171.24,66.97
Sudáfrica,2022,144.62,64.96
Ucrania,2005,129.58,60.35
Etiopía,2021,144.63,64.06
Camerún,2018,233.59,64.67
Líbano,2017,77.04,61.16
Chequia,2002,93.04,60.51
Líbano,2021,88.36,59.57
Nicaragua,2010,281.07,64.28
Malawi,2022,189.7,65.81
Azerbaiyán,2002,124.88,61.92
Panamá,2001,138.8,62.69
Pakistán,2021,269.14,65.73
Singapur,2003,4116.23,83.03
Uruguay,2003,116.76,60.95
Kazajistán,2013,582.69,72.53
Chequia,2000,88.17,61.92
Malasia,2013,646.38,73.56
El Salvador,2000,152.7,66.42
Georgia,2018,186.01,65.75
Hungría,2008,73.05,59.6
Italia,2012,3792.53,79.57
Turquía,2007,1575.97,74.96
Costa Rica,2010,75.76,58.98
Canadá,2014,6418.75,85.0
Uganda,2023,210.65,66.3
Dinamarca,2008,5937.36,85.0
Hungría,2022,128.11,62.16
Tailandia,2006,461.34,71.1
Noruega,2021,8134.94,85.0
Suecia,2010,6499.27,85.0
Grecia,2020,54.82,58.53
Egipto,2019,220.91,65.38
Bulgaria,2005,96.38,61.34
Israel,2019,3244.97,80.63
Zimbabwe,2021,49.44,52.64
Nigeria,2014,117.78,63.38
Perú,2006,694.98,70.46
Suiza,2023,4626.07,84.52
Rumania,2023,278.43,68.85
Nicaragua,2019,401.05,71.79
Turquía,2020,1859.54,80.66
Reino Unido,2010,2381.3,80.63
Irak,2016,60.44,59.16
Senegal,2020,159.25,62.02
Rumania,2000,135.53,68.99
Uzbekistán,2015,195.69,66.14
Perú,2020,888.75,76.08
Nueva Zelanda,2015,3401.36,82.24
Arabia Saudita,2012,2232.55,79.66
Nepal,2003,123.75,64.65
Israel,2017,3386.72,82.7
Senegal,2005,126.95,62.61
Tanzania,2020,213.5,67.62
Nueva Zelanda,2005,2595.41,80.29
Portugal,2015,6801.54,85.0
Georgia,2004,129.58,61.94
Suiza,2007,4123.34,83.16
México,2010,1535.04,74.7
Tanzania,2010,156.83,65.17
Camboya,2016,113.98,64.1
Bélgica,2010,7989.56,85.0
Alemania,2002,5755.68,83.7
Myanmar,2018,114.37,64.95
Perú,2009,787.86,70.81
Finlandia,2003,3445.8,82.72
El Salvador,2011,173.05,64.15
Nigeria,2018,132.45,65.93
México,2014,1749.89,82.01
Zambia,2004,136.4,64.1
Venezuela,2023,118.75,60.59
Sri Lanka,2003,79.27,61.59
Uganda,2005,105.33,67.75
Nepal,2001,119.85,61.7
Pakistán,2007,161.47,64.91
Suiza,2000,3472.99,80.78
Trinidad,2012,169.93,62.22
España,2021,6453.01,85.0
Venezuela,2003,84.69,61.78
Honduras,2000,306.45,66.36
Chequia,2014,127.63,63.3
Sudáfrica,2004,97.73,61.89
Malawi,2008,141.48,64.35
Corea del Sur,2016,3945.16,83.87
Estados Unidos,2021,8496.02,85.0
Ecuador,2012,554.84,73.23
Cuba,2011,64.18,57.68
Polonia,2010,175.96,62.73
Haití,2021,233.38,65.26
Sri Lanka,2023,155.81,63.31
Canadá,2001,4976.54,80.07
Panamá,2006,174.01,65.32
España,2002,4144.63,84.4
Uzbekistán,2014,184.03,66.01
Sri Lanka,2018,130.06,63.48
Azerbaiyán,2000,123.32,61.46
Dinamarca,2004,5145.19,84.92
Uzbekistán,2001,110.42,64.39
Rumania,2022,268.34,66.53
Sri Lanka,2011,103.34,63.99
Italia,2016,4482.91,82.79
Irán,2000,812.89,74.35
Perú,2022,969.35,75.5
Irán,2016,1310.04,75.16
Sudáfrica,2005,94.64,61.84
Cuba,2013,68.77,59.99
Noruega,2007,5100.07,83.92
Francia,2015,5655.52,84.5
Honduras,2007,362.68,69.44
Panamá,2017,240.59,67.27
Colombia,2016,1249.39,77.78
Mozambique,2018,89.43,61.48
Armenia,2012,86.86,62.77
Perú,2011,739.1,74.24
Kenia,2001,97.31,62.17
Nepal,2014,159.79,62.82
Zambia,2013,194.12,64.8
Turquía,2018,1767.95,76.91
Senegal,2010,131.24,62.6
Países Bajos,2004,6763.55,85.0
Etiopía,2003,70.02,58.86
Guatemala,2005,364.72,73.37
Zimbabwe,2010,43.01,56.1
Polonia,2005,165.04,67.81
Malasia,2005,569.85,74.41
Mozambique,2005,54.07,56.54
Bangladesh,2009,176.28,68.04
Costa Rica,2015,82.53,57.93
El Salvador,2021,208.14,67.19
Ruanda,2019,81.04,59.92
Ucrania,2008,149.31,62.97
Corea del Sur,2014,3661.91,85.0
Austria,2022,9930.75,85.0
Suecia,2008,5920.46,84.88
Líbano,2014,73.29,59.47
El Salvador,2016,190.87,66.44
Irak,2009,50.85,59.61
Malasia,2018,711.31,69.5
México,2012,1591.36,78.51
Austria,2009,8397.68,85.0
Bolivia,2003,318.39,66.77
Uruguay,2020,186.46,68.21
Kenia,2014,148.71,63.45
Nueva Zelanda,2007,2746.99,83.04
Austria,2013,8770.98,84.16
Uruguay,2018,179.45,63.95
Finlandia,2004,3818.74,83.84
Perú,2018,883.68,73.1
El Salvador,2007,156.55,64.52
Irak,2005,51.36,55.18
Uzbekistán,2023,255.39,71.3
Arabia Saudita,2018,2794.11,81.42
Canadá,2006,5162.85,85.0
Perú,2019,884.37,73.37
Chile,2016,2922.61,82.55
Estados Unidos,2003,5756.44,83.14
Paraguay,2008,163.0,63.39
Países Bajos,2003,7216.24,85.0
Rusia,2006,1545.62,76.96
Malasia,2000,455.91,70.34
El Salvador,2013,175.08,68.46
Uganda,2006,101.97,63.94
Australia,2017,9753.61,85.0
Portugal,2018,7927.08,85.0
Finlandia,2006,3261.51,83.28
Venezuela,2001,79.44,61.62
Canadá,2021,7952.08,84.42
Chequia,2010,103.57,68.19
Jamaica,2023,185.75,62.15
Egipto,2015,183.38,62.43
Senegal,2009,135.67,63.21
Alemania,2021,11477.03,85.0
México,2003,1150.82,76.96
Etiopía,2011,96.67,65.01
Haití,2011,194.92,64.28
México,2005,1280.46,72.67
Mozambique,2014,76.45,64.25
Rusia,2010,1832.79,75.41
Estados Unidos,2019,8457.3,84.99
Paraguay,2012,187.36,65.97
China,2007,799.49,73.81
Estados Unidos,2014,7277.2,85.0
Uruguay,2002,110.24,60.55
Austria,2010,8646.68,85.0
Zambia,2015,209.03,69.78
Indonesia,2008,180.82,65.28
Sudáfrica,2011,118.45,60.98
Malawi,2012,149.42,69.06
Finlandia,2002,3578.85,84.78
Israel,2022,3586.11,81.06
Etiopía,2019,125.49,62.89
Guatemala,2012,414.45,65.53
Italia,2013,4317.86,83.13
Malasia,2014,684.23,68.93
El Salvador,2002,163.66,64.69
Reino Unido,2019,2588.23,81.15
Irán,2001,741.5,72.94
Cuba,2016,72.13,61.9
España,2018,5912.38,85.0
Azerbaiyán,2003,140.92,65.38
Francia,2022,6703.68,85.0
Egipto,2013,188.66,64.45
Malawi,2009,140.96,66.63
Paraguay,2011,190.37,64.95
Zambia,2011,175.89,63.86
Indonesia,2017,215.23,66.84
Mozambique,2019,86.94,59.83
Georgia,2001,114.35,61.39
Argentina,2018,1527.07,75.06
Brasil,2000,743.08,74.57
Filipinas,2011,165.7,65.71
Ecuador,2000,457.5,71.75
Estados Unidos,2008,6239.14,85.0
Noruega,2019,7932.79,85.0
Uganda,2016,154.49,66.58
Colombia,2013,1129.82,81.21
Pakistán,2006,165.41,60.14
Zimbabwe,2009,44.53,56.92
Mozambique,2020,91.53,61.04
Sudáfrica,2002,89.49,61.41
Nepal,2015,165.58,63.37
Jamaica,2004,140.95,62.63
Jordania,2011,116.87,62.76
Kazajistán,2020,656.79,73.46
Arabia Saudita,2000,1510.45,80.35
Etiopía,2006,85.04,58.47
Armenia,2013,94.95,64.03
Costa Rica,2002,59.23,63.94
Líbano,2012,66.95,61.64
Uganda,2015,151.63,64.22
Bulgaria,2018,134.84,65.01
Bulgaria,2022,140.18,65.11
Kenia,2018,182.17,68.5
Zimbabwe,2003,38.43,55.13
Nepal,2017,169.77,65.69
Italia,2017,4808.59,82.96
Costa Rica,2004,62.22,60.36
Filipinas,2015,186.98,65.85
Colombia,2005,919.35,72.94
Brasil,2003,863.16,76.16
Nueva Zelanda,2014,3198.83,84.51
Trinidad,2021,195.46,65.52
Países Bajos,2005,7065.08,85.0
Argentina,2007,1233.99,73.95
Alemania,2014,8652.0,85.0
Honduras,2014,362.01,71.36
Portugal,2022,8737.44,85.0
Kenia,2020,192.28,64.79
Alemania,2000,5475.35,85.0
México,2007,1314.17,77.28
Bangladesh,2008,176.86,66.82
Noruega,2011,5393.71,83.62
Grecia,2017,52.0,55.4
Nicaragua,2000,188.72,67.49
Brasil,2023,1662.07,77.54
Malasia,2020,765.38,71.15
Chile,2010,2326.41,76.74
Nicaragua,2013,310.1,68.97
China,2023,983.43,76.98
Paraguay,2022,225.84,66.05
Venezuela,2021,111.32,63.67
India,2016,212.3,69.14
Tanzania,2017,202.01,69.35
Nigeria,2021,142.15,64.25
Noruega,2001,4044.6,84.07
Japón,2016,10074.9,85.0
Egipto,2022,232.16,67.49
Nigeria,2003,90.86,61.92
Jordania,2003,116.26,58.76
Nicaragua,2009,264.7,67.24
Trinidad,2019,196.9,66.12
Paraguay,2016,196.61,62.79
Alemania,2020,10927.86,85.0
Irán,2006,943.77,76.43
Estados Unidos,2005,5596.06,85.0
Irán,2007,995.26,76.2
Francia,2003,4386.01,81.22
Armenia,2009,84.4,61.04
China,2018,1030.0,74.74
Senegal,2014,146.42,61.96
Argentina,2012,1287.84,75.4
Uganda,2007,112.65,63.94
Colombia,2020,1442.27,74.7
Italia,2018,4694.53,84.63
Myanmar,2013,106.41,62.46
Líbano,2023,89.68,59.15
Guatemala,2016,436.49,74.8
Myanmar,2017,106.78,60.32
Nicaragua,2023,446.56,68.88
Nigeria,2010,106.76,62.75
Egipto,2011,175.85,62.31
Finlandia,2007,3661.44,78.93
Vietnam,2006,292.71,69.57
Malawi,2007,135.54,61.32
Chile,2014,2516.33,80.85
Brasil,2018,1385.21,77.98
Perú,2005,588.12,69.94
Venezuela,2012,95.21,62.8
Argentina,2004,1070.51,75.41
Estados Unidos,2017,8168.83,85.0
Argentina,2020,1443.62,77.56
Nigeria,2019,132.1,64.81
Arabia Saudita,2008,1834.88,80.09
Senegal,2012,135.57,63.14
Bolivia,2015,399.87,68.7
Perú,2017,854.25,75.33
Austria,2011,8364.74,85.0
Noruega,2004,4753.42,85.0
Perú,2012,790.46,72.5
Colombia,2008,957.91,73.31
Turquía,2001,1360.83,75.8
Marruecos,2002,150.63,63.07
Estados Unidos,2013,7438.17,84.41
Jordania,2017,131.65,61.75
Etiopía,2002,70.96,59.26
Hungría,2023,134.7,61.49
Ecuador,2021,596.55,72.53
Uruguay,2008,133.71,64.9
Nepal,2011,143.62,62.91
Rep. Dominicana,2014,115.08,62.39
Etiopía,2010,98.07,64.64
Finlandia,2018,4149.46,80.68
Camboya,2014,100.81,60.49
Arabia Saudita,2001,1570.51,75.58
Chile,2001,1592.25,75.89
Irán,2008,968.46,71.06
Noruega,2013,6045.07,84.49
Países Bajos,2017,8048.91,84.92
Tanzania,2023,238.32,69.25
Chile,2006,1973.23,80.53
Rep. Dominicana,2002,75.5,60.17
Colombia,2002,863.4,75.16
España,2001,4046.64,82.31
Sudáfrica,2023,145.4,63.38
Tanzania,2022,236.41,64.72
Filipinas,2006,162.37,65.39
Polonia,2006,175.07,64.37
Nepal,2006,112.01,61.77
Rusia,2002,1629.93,75.59
Túnez,2000,86.26,58.92
Líbano,2022,84.66,60.42
Bélgica,2018,10057.9,85.0
Rumania,2005,146.92,66.18
Panamá,2004,161.71,62.71
Paraguay,2019,216.78,69.16
Irán,2004,878.22,75.38
Guatemala,2003,340.9,67.96
Nepal,2009,145.62,67.04
Sudáfrica,2007,106.61,61.41
Chile,2021,3118.0,80.99
Ucrania,2004,125.66,62.23
Reino Unido,2001,2293.31,78.57
Uruguay,2009,127.82,64.22
Singapur,2009,4331.49,83.92
Azerbaiyán,2020,216.05,69.51
Colombia,2022,1498.85,77.72
Zambia,2012,162.92,68.65
Brasil,2009,1053.63,78.44
Singapur,2021,6880.93,85.0
Georgia,2003,124.53,61.23
Rep. Dominicana,2016,111.69,57.95
Portugal,2020,8433.07,85.0
Australia,2002,7388.1,85.0
Irán,2019,1357.29,76.65
México,2000,1083.43,78.58
Malawi,2004,125.27,61.39
Japón,2021,10309.22,85.0
Corea del Sur,2004,3316.18,83.98
Malawi,2015,158.0,61.76
Colombia,2010,1029.84,75.92
Camerún,2014,223.11,66.36
Reino Unido,2004,2339.42,78.48
Irán,2005,823.79,73.62
Grecia,2014,49.66,58.14
Egipto,2020,216.31,68.49
Suecia,2002,4801.46,85.0
Jordania,2019,137.0,62.79
Zambia,2000,132.12,66.02
Túnez,2005,95.96,61.84
Turquía,2008,1642.38,79.6
Panamá,2020,266.93,68.75
Panamá,2000,139.71,62.62
Senegal,2003,111.07,62.02
Túnez,2008,97.28,61.13
Chile,2008,2090.09,79.5
Reino Unido,2016,2503.06,79.83
Senegal,2015,139.87,60.28
Dinamarca,2010,6452.86,85.0
Filipinas,2016,192.98,64.71
Argentina,2014,1302.12,76.73
Sri Lanka,2009,96.64,63.69
Finlandia,2012,4009.64,79.92
Zimbabwe,2001,39.02,51.04
Pakistán,2014,214.2,63.85
Paraguay,2007,166.94,66.2
Ecuador,2001,447.31,70.63
Japón,2008,8476.78,85.0
Costa Rica,2013,76.39,59.65
Australia,2018,10212.85,85.0
India,2014,204.01,63.14
Uzbekistán,2002,115.72,63.13
Turquía,2014,1589.95,78.94
Bangladesh,2002,147.19,65.83
Pakistán,2017,227.75,66.65
Líbano,2000,46.09,60.81
Uganda,2014,152.28,67.02
México,2009,1551.59,77.16
Rep. Dominicana,2017,122.09,61.86
Portugal,2012,5981.32,85.0
Uruguay,2015,160.26,62.02
Suiza,2018,4197.11,82.08
Panamá,2005,157.5,63.47
Australia,2020,10065.31,85.0
Austria,2020,9131.28,85.0
Polonia,2012,209.47,70.46
Bélgica,2007,7505.22,85.0
Uzbekistán,2020,225.38,67.11
Haití,2004,165.94,65.54
Uganda,2013,137.88,62.15
Filipinas,2000,126.72,61.25
Indonesia,2016,215.06,66.69
Chequia,2022,149.87,61.3
Jamaica,2021,182.76,65.13
Países Bajos,2019,8518.8,85.0
Brasil,2016,1283.41,75.51
Suiza,2004,3711.71,81.17
Países Bajos,2011,8156.04,85.0
Estados Unidos,2011,6962.82,85.0
Vietnam,2001,269.22,69.17
Nepal,2019,178.5,63.58
Portugal,2001,4015.74,84.3
Ruanda,2004,64.16,57.3
Malawi,2006,129.38,66.11
Myanmar,2003,92.35,60.93
India,2017,215.51,62.75
Bulgaria,2023,142.31,63.8
Costa Rica,2012,78.74,57.18
Italia,2019,4884.36,85.0
Etiopía,2015,113.04,60.31
Irak,2004,47.92,58.22
Nicaragua,2021,407.7,69.91
Hungría,2007,71.68,58.29
Suecia,2015,7813.84,85.0
Países Bajos,2015,7895.3,85.0
Camboya,2009,86.21,66.24
Grecia,2003,43.71,53.97
Hungría,2010,75.6,60.51
Armenia,2019,95.95,60.85
Ucrania,2000,99.6,65.77
Ucrania,2013,169.22,65.46
Jordania,2002,109.63,60.85
Tanzania,2000,116.1,63.62
Camerún,2020,248.19,65.17
Irak,2002,47.78,60.48
Tanzania,2013,168.36,66.39
Nepal,2008,134.63,63.03
Zambia,2021,235.4,64.55
Turquía,2010,1572.11,74.82
Etiopía,2009,97.29,63.11
Sudáfrica,2000,89.05,59.07
Tanzania,2019,207.87,67.4
Argelia,2004,101.45,59.43
Pakistán,2004,157.42,63.43
Georgia,2007,131.49,67.19
Rusia,2005,1544.24,78.59
Filipinas,2012,159.97,64.44
Suiza,2021,4350.74,83.63
Colombia,2007,966.34,78.66
Indonesia,2020,220.97,66.22
Noruega,2022,8384.16,85.0
Camerún,2009,175.78,67.26
Italia,2023,5071.61,84.85
Irak,2011,52.84,55.45
Argentina,2009,1320.98,74.86
Perú,2013,800.81,73.01
India,2012,205.56,66.18
Polonia,2021,250.74,70.96
Polonia,2016,214.59,65.19
Dinamarca,2007,5680.45,84.66
Etiopía,2016,123.07,62.4
Rusia,2009,1752.25,78.37
Ghana,2019,58.62,57.78
Vietnam,2014,377.51,70.51
Trinidad,2000,149.78,66.81
Armenia,2021,98.12,61.39
Nicaragua,2011,275.26,69.07
Panamá,2002,140.14,63.05
Bulgaria,2016,118.3,60.7
Myanmar,2016,109.55,61.62
Austria,2006,8066.85,85.0
Dinamarca,2012,6544.64,85.0
Georgia,2014,168.94,64.15
Haití,2019,223.43,66.43
Malasia,2007,596.13,71.58
Túnez,2006,106.63,63.29
Ruanda,2008,74.58,62.3
Italia,2004,3258.64,82.7
Bolivia,2004,329.64,71.69
Sudáfrica,2010,107.23,60.55
India,2021,240.34,69.69
Brasil,2014,1220.87,76.94
Tanzania,2018,195.65,64.55
Portugal,2017,7321.74,85.0
Colombia,2018,1311.62,73.61
Ecuador,2022,584.31,69.13
Vietnam,2005,296.12,70.89
Suiza,2011,3666.53,84.39
Kazajistán,2011,547.07,74.56
Armenia,2015,89.74,62.06
Georgia,2013,169.23,62.83
Japón,2013,8354.52,85.0
Indonesia,2003,170.58,66.88
Nepal,2004,120.92,63.74
Zimbabwe,2012,44.34,57.1
Camboya,2006,77.37,58.52
Trinidad,2006,159.09,58.71
Jamaica,2019,171.88,66.95
Azerbaiyán,2011,161.91,64.05
Líbano,2008,61.02,59.47
Ghana,2007,40.2,57.36
Nicaragua,2002,193.22,66.74
Argelia,2008,113.98,63.87
Tailandia,2012,551.84,72.1
Brasil,2004,860.96,73.83
Tanzania,2004,131.85,66.97
Vietnam,2017,398.14,65.28
Mozambique,2013,76.3,60.39
Noruega,2002,4000.19,83.96
Chequia,2009,107.38,64.87
Arabia Saudita,2005,1813.15,77.42
Bolivia,2001,297.31,66.02
Ruanda,2018,84.94,62.23
Tailandia,2021,742.05,74.78
Tanzania,2006,148.52,62.77
Pakistán,2005,154.25,64.34
Ruanda,2010,73.98,59.51
Polonia,2000,142.55,64.61
Jamaica,2011,149.98,68.35
Chequia,2017,137.93,57.69
Japón,2017,9332.68,85.0
Grecia,2000,46.58,58.46
España,2011,4890.72,84.89
Bélgica,2006,7121.83,84.84
Italia,2009,3736.34,80.84
Paraguay,2018,223.32,68.13
Países Bajos,2012,7395.82,85.0
Azerbaiyán,2016,198.96,64.1
Marruecos,2015,196.53,59.92
Indonesia,2004,152.37,62.29
Malasia,2006,592.2,71.2
Nueva Zelanda,2000,2232.83,79.56
Marruecos,2007,167.18,65.22
Polonia,2022,239.16,67.76
Vietnam,2009,339.11,70.73
China,2009,876.04,73.92
Chile,2012,2423.64,78.04
Arabia Saudita,2002,1686.62,81.38
Canadá,2016,7189.21,85.0
Indonesia,2015,194.75,63.74
Indonesia,2022,235.4,66.55
Camerún,2004,156.65,63.74
Kenia,2019,181.17,63.93
Kenia,2004,100.35,63.25
Austria,2002,7269.33,82.81
Chequia,2011,120.43,63.23
Grecia,2016,56.83,56.4
Singapur,2008,4411.32,83.31
Marruecos,2012,183.45,63.05
Singapur,2001,3903.95,81.31
Suiza,2020,4131.57,85.0
Perú,2023,983.93,76.23
Armenia,2014,85.79,60.31
Irak,2015,56.8,57.95
Finlandia,2010,4187.62,85.0
Camerún,2003,154.57,63.81
Nigeria,2015,119.81,64.27
Países Bajos,2014,7849.52,85.0
Portugal,2021,8426.76,83.91
Rep. Dominicana,2022,147.8,61.84
Guatemala,2000,334.8,68.41
Colombia,2003,776.26,74.91
Pakistán,2008,178.97,64.1
Rep. Dominicana,2012,107.03,59.06
Panamá,2011,210.86,65.31
Nueva Zelanda,2010,2972.49,80.94
Bolivia,2008,359.4,67.58
Grecia,2010,50.08,58.16
Rusia,2019,2132.4,83.65
Ruanda,2014,75.28,62.23
Irán,2010,1118.84,77.14
Malawi,2010,134.4,63.35
España,2019,6548.21,84.86
Argentina,2013,1370.22,75.88
Sri Lanka,2000,67.63,60.91
Suiza,2008,3701.82,79.63
Turquía,2009,1631.51,76.98
Paraguay,2000,130.83,64.28
Guatemala,2014,388.45,71.87
Tanzania,2012,161.56,63.14
Nigeria,2000,83.55,61.58
Brasil,2012,1153.0,75.29
Irán,2015,1298.65,73.77
Italia,2014,4084.29,85.0
Israel,2000,2528.3,79.93
Kazajistán,2014,596.11,72.64
Irak,2008,49.62,52.86
Hungría,2017,107.22,59.64
Uganda,2011,134.37,65.54
Israel,2014,3027.09,81.9
Países Bajos,2018,8358.35,83.84
Bolivia,2023,530.27,73.86
Polonia,2007,180.12,64.46
Haití,2000,146.29,64.62
Etiopía,2001,73.5,62.87
Reino Unido,2003,2336.84,81.43
Bélgica,2016,8933.34,85.0
Kazajistán,2015,554.55,68.98
Líbano,2001,47.78,60.74
Países Bajos,2008,6997.36,85.0
Armenia,2011,88.17,63.6
Nigeria,2007,92.74,64.72
Cuba,2004,59.7,59.98
Japón,2018,9981.82,85.0
Ghana,2004,36.53,55.33
Mozambique,2017,83.27,60.35
Ghana,2012,45.0,53.82
Dinamarca,2009,5967.79,83.48
Turquía,2016,1707.32,76.59
Francia,2016,5787.95,84.94
Chile,2018,2870.52,82.89
Cuba,2009,68.02,63.5
Armenia,2000,70.96,63.36
Senegal,2017,147.56,67.87
Hungría,2009,75.63,59.47
Francia,2004,4577.71,84.73
Armenia,2004,78.58,62.7
Colombia,2017,1317.29,76.52
Finlandia,2008,3907.77,85.0
Irán,2021,1544.74,77.47
Armenia,2003,78.27,61.86
Bélgica,2009,6850.73,85.0
Jamaica,2018,160.05,61.51
Bangladesh,2004,167.91,64.28
Nepal,2005,122.27,63.99
Senegal,2022,155.86,62.24
México,2011,1561.93,77.87
Panamá,2012,199.46,68.62
Guatemala,2020,454.05,69.53
Georgia,2020,207.56,63.49
China,2010,853.38,71.56
Tailandia,2015,625.32,69.87
Egipto,2000,133.22,63.95
Camerún,2016,236.96,64.68
Rusia,2021,2210.72,80.11
Rusia,2020,2179.44,79.65
Egipto,2010,165.09,68.39
Reino Unido,2018,2671.58,79.6
Marruecos,2013,178.36,63.13
Uganda,2008,119.62,61.28
Georgia,2006,132.0,64.85
Uzbekistán,2018,209.24,64.12
Reino Unido,2017,2585.88,82.21
Zimbabwe,2007,43.05,55.75
Finlandia,2011,4237.15,84.92
Kenia,2010,142.04,65.89
Ecuador,2015,555.68,70.3
Austria,2007,7596.82,85.0
Israel,2018,3206.37,82.46
Uruguay,2017,164.82,63.84
El Salvador,2023,227.07,63.96
Georgia,2008,131.33,62.1
Grecia,2007,44.88,55.41
Trinidad,2011,166.34,65.62
Camboya,2004,74.35,58.88
Bulgaria,2007,90.18,62.75
Suecia,2000,4423.36,85.0
Ucrania,2003,121.1,63.22
Rep. Dominicana,2009,91.91,61.61
Malasia,2023,809.08,76.18
Bélgica,2017,9483.08,85.0
Filipinas,2022,246.34,68.93
Vietnam,2003,289.77,64.04
Malasia,2003,553.72,70.54
Corea del Sur,2019,4137.67,84.86
Trinidad,2017,181.43,69.32
México,2022,2386.3,82.22
Nicaragua,2020,381.24,66.91
Kazajistán,2012,536.34,70.46
Bangladesh,2005,154.78,62.94
Sri Lanka,2016,124.12,58.76
Mozambique,2003,52.41,58.12
Estados Unidos,2022,8749.64,85.0
Nicaragua,2004,203.73,69.23
Cuba,2023,81.3,60.8
Haití,2017,215.34,63.84
Paraguay,2001,137.3,61.96
Austria,2023,9278.4,85.0
Filipinas,2003,127.13,63.21
Túnez,2015,116.21,64.05
Bulgaria,2003,89.24,61.65
Chequia,2021,146.79,64.75
Australia,2021,10660.26,85.0
Colombia,2021,1488.65,78.14
Bulgaria,2000,79.67,57.95
China,2014,847.39,75.31
Japón,2012,9492.2,85.0
Jordania,2006,117.11,61.85
Sri Lanka,2012,106.76,62.14
Portugal,2000,4048.66,81.87
Corea del Sur,2005,3139.51,80.08
Rumania,2012,194.19,65.95
Egipto,2018,204.7,66.97
Zambia,2023,255.18,62.93
Ecuador,2009,507.84,72.33
Japón,2019,10476.88,85.0
Uruguay,2006,123.14,64.43
Azerbaiyán,2023,241.98,64.73
Suecia,2021,9472.58,85.0
España,2004,4187.27,82.05
Sudáfrica,2006,102.46,57.75
Portugal,2007,5413.67,85.0
Vietnam,2012,394.5,72.16
Bangladesh,2023,286.22,67.28
Austria,2008,7508.52,85.0
Pakistán,2012,192.19,61.09
Jamaica,2007,151.83,64.53
Senegal,2016,138.83,60.9
Canadá,2007,5568.95,81.73
India,2013,194.88,66.4
Rusia,2013,1924.84,75.52
Corea del Sur,2015,3811.03,83.82
Noruega,2009,5210.51,85.0
Australia,2022,10049.89,85.0
Trinidad,2008,156.24,62.06
Alemania,2009,7162.35,85.0
Irak,2020,62.47,55.2
Zambia,2008,161.5,62.88
Bulgaria,2004,92.53,58.98
Arabia Saudita,2006,1980.86,77.48
India,2022,229.24,63.87
Suecia,2022,9704.57,85.0
Chile,2020,3158.5,83.47
Kenia,2009,126.28,64.77
Países Bajos,2020,8354.42,84.19
Túnez,2016,120.47,61.86
Japón,2001,7117.71,85.0
Senegal,2019,159.19,64.67
Singapur,2010,5127.15,81.6
Dinamarca,2014,7300.65,85.0
Chile,2023,3573.77,83.26
Italia,2008,3839.91,82.55
Argelia,2017,141.06,63.13
Líbano,2011,64.03,59.61
Georgia,2023,226.44,65.28
Alemania,2011,8016.7,85.0
Costa Rica,2009,70.23,63.29
Guatemala,2004,360.99,68.31
Italia,2007,3593.98,80.54
Túnez,2011,105.74,60.45
Polonia,2023,250.7,66.83
Dinamarca,2006,5537.08,85.0
Suiza,2002,3269.33,82.17
Brasil,2022,1618.51,78.38
Myanmar,2005,92.77,58.94
Suiza,2019,4309.86,84.42
Rumania,2007,160.66,64.77
Suiza,2012,3900.58,83.25
Suecia,2005,5085.8,82.9
Vietnam,2019,417.68,75.97
Corea del Sur,2022,4157.68,82.56
México,2004,1196.42,75.17
Kazajistán,2002,412.48,65.47
Rumania,2019,244.03,67.28
Camerún,2011,195.78,63.55
Rusia,2011,1800.06,77.35
Uruguay,2023,200.96,64.55
Israel,2012,2982.31,81.77
Francia,2012,4998.58,83.77
Rep. Dominicana,2011,100.08,60.31
Rumania,2018,241.64,69.3
China,2021,988.31,77.64
Armenia,2022,97.71,65.03
Dinamarca,2021,9128.2,85.0
Reino Unido,2009,2281.89,81.71
Malawi,2011,141.05,60.57
Honduras,2016,369.4,68.44
Camboya,2021,127.65,66.53
Arabia Saudita,2022,3483.58,79.46
El Salvador,2001,140.82,61.48
Ecuador,2005,494.06,72.6
India,2020,229.09,67.52
Vietnam,2013,344.44,66.24
Canadá,2022,7937.43,85.0
Malawi,2017,154.42,66.62
Zimbabwe,2008,43.5,60.75
Argentina,2002,1241.71,76.67
Arabia Saudita,2015,2366.4,78.8
Países Bajos,2006,7440.97,85.0
Singapur,2023,6776.72,85.0
Dinamarca,2017,7733.16,85.0
Myanmar,2009,91.91,62.89
Corea del Sur,2011,3786.99,85.0
Indonesia,2014,206.14,68.98
Haití,2014,189.86,66.95
Hungría,2011,83.97,59.06
Italia,2005,3192.36,82.16
Panamá,2015,215.69,64.33
Trinidad,2007,164.23,61.11
Líbano,2005,55.19,58.94
El Salvador,2008,163.12,67.56
México,2019,2190.81,79.96
Reino Unido,2012,2482.34,82.48
Brasil,2011,1011.04,76.77
Turquía,2000,1433.17,78.11
Austria,2014,9068.42,84.53
Ucrania,2021,225.36,61.99
Dinamarca,2011,5957.06,85.0
Trinidad,2020,191.0,65.07
Panamá,2023,298.53,72.96
Polonia,2008,187.79,66.1
Malasia,2017,706.18,73.24
Irán,2018,1410.55,75.37
Estados Unidos,2009,6967.86,85.0
Bélgica,2014,8904.34,85.0
Malawi,2001,121.27,66.54
Georgia,2022,212.06,65.47
China,2006,777.26,72.28
Tailandia,2023,754.76,74.82
Uruguay,2005,121.62,61.03
Malasia,2010,602.82,70.1
Etiopía,2000,65.08,61.13
Corea del Sur,2023,4494.26,85.0
Suecia,2016,8312.53,85.0
Nigeria,2017,128.18,64.49
Jamaica,2009,143.42,64.65
Ecuador,2010,495.41,75.18
Zambia,2006,154.13,67.4
Hungría,2001,59.43,59.72
Zimbabwe,2006,41.01,56.11
Finlandia,2013,3999.34,81.42
Sri Lanka,2015,120.2,59.98
Alemania,2001,5418.97,85.0
Singapur,2015,5678.03,85.0
Reino Unido,2013,2410.71,78.49
Uzbekistán,2006,145.69,63.9
Israel,2004,2666.27,82.67
Canadá,2017,7528.31,83.63
Canadá,2013,6518.36,85.0
Australia,2006,7814.07,85.0
Singapur,2016,5851.98,85.0
México,2017,2006.33,75.18
Perú,2007,767.29,70.67
Camboya,2002,65.34,56.65
Bangladesh,2007,168.65,61.93
Azerbaiyán,2006,137.39,57.89
Polonia,2015,205.01,64.63
Hungría,2020,109.85,62.62
Uruguay,2012,139.48,63.74
Bolivia,2022,493.24,73.67
India,2011,217.86,66.75
Rumania,2008,173.64,63.18
Portugal,2003,4502.11,85.0
Corea del Sur,2018,3919.39,80.79
Francia,2006,4583.83,84.05
Bolivia,2012,410.5,70.27
Honduras,2013,341.42,68.58
Jamaica,2016,165.05,65.91
Myanmar,2004,86.43,57.83
Guatemala,2015,425.11,69.27
China,2004,688.08,73.82
Ucrania,2014,179.38,66.79
Irak,2019,59.43,59.42
Argelia,2000,111.96,63.2
Trinidad,2013,179.1,64.1
Nigeria,2004,95.35,57.17
China,2013,863.84,74.21
Haití,2020,231.63,62.5
Ecuador,2013,551.18,72.87
Filipinas,2019,217.28,63.31
Tailandia,2019,714.73,77.84
México,2016,1964.52,76.54
Ghana,2023,64.79,58.19
China,2016,907.16,75.03
Azerbaiyán,2008,157.25,67.11
Estados Unidos,2018,7892.52,85.0
Tanzania,2003,116.02,64.36
Italia,2010,3758.03,80.97
Marruecos,2005,174.65,63.51
Turquía,2004,1524.29,78.27
Bulgaria,2011,102.35,63.12
Argelia,2019,140.26,64.66
Kenia,2016,167.15,65.19
Chequia,2023,155.42,65.99
Georgia,2010,149.66,63.93
Guatemala,2019,459.81,68.85
Mozambique,2000,54.88,60.61
Noruega,2005,4799.27,84.81
Marruecos,2006,158.11,64.24
Paraguay,2009,168.79,60.14
Brasil,2002,790.13,73.08
Ucrania,2016,195.54,67.35
Nueva Zelanda,2023,4237.19,84.61
Rep. Dominicana,2005,81.23,60.94
Armenia,2020,101.27,56.11
Myanmar,2020,108.54,61.02
Paraguay,2013,209.02,68.23
Brasil,2013,1192.35,72.11
Zimbabwe,2013,43.71,54.17
Bélgica,2005,6585.77,85.0
Grecia,2013,54.51,59.31
Nigeria,2006,101.53,69.65
Haití,2013,193.85,60.7
Irak,2010,53.82,58.97
Chequia,2018,141.76,64.12
Azerbaiyán,2005,149.56,61.6
Reino Unido,2015,2721.12,78.66
China,2000,685.25,75.62
Alemania,2015,8902.59,85.0
Rusia,2003,1665.68,78.42
Vietnam,2018,402.94,68.09
Indonesia,2006,172.18,61.96
Nigeria,2023,155.44,66.24
Marruecos,2020,226.65,65.49
Ghana,2015,50.54,58.66
Arabia Saudita,2019,2968.85,80.22
Georgia,2015,168.95,65.47
Sri Lanka,2004,76.0,59.63
Uzbekistán,2000,111.76,63.87
Noruega,2008,5250.36,85.0
Camerún,2019,248.42,71.63
Ecuador,2016,584.0,71.65
Marruecos,2003,145.62,62.72
Malawi,2000,100.2,59.62
Chequia,2020,151.2,66.0
Ruanda,2015,74.74,59.19
Tailandia,2010,529.44,69.95
Dinamarca,2005,5289.0,85.0
Ruanda,2001,69.86,62.29
Georgia,2011,157.08,63.87
Suiza,2013,4310.91,85.0
Irak,2023,65.6,59.44
Polonia,2001,148.55,63.98
Irán,2012,1112.73,75.42
Ecuador,2008,505.22,70.84
Chile,2002,1803.65,79.51
Ucrania,2019,213.83,67.34
Trinidad,2005,155.03,63.51
India,2007,193.67,63.82
Pakistán,2002,130.92,62.87
Uruguay,2013,153.64,62.39
Irán,2003,781.74,71.86
Chile,2007,1999.84,78.61
Egipto,2005,147.29,63.53
Egipto,2003,131.95,68.14
Mozambique,2016,86.94,59.23
España,2010,4837.3,85.0
Alemania,2003,6158.76,83.81
Zimbabwe,2016,48.46,55.76
Panamá,2019,264.71,66.93
Indonesia,2002,158.96,62.55
Zimbabwe,2002,39.3,56.16
Argelia,2016,133.23,61.6
Kazajistán,2008,518.45,72.62
Rep. Dominicana,2020,128.12,64.89
Nepal,2007,130.25,60.94
Argelia,2009,119.1,59.64
Suiza,2016,4114.16,81.29
Georgia,2012,167.26,66.37
Francia,2023,6892.05,85.0
Nueva Zelanda,2011,3077.01,84.49
Uruguay,2022,196.81,65.23
Mozambique,2002,55.48,57.17
Etiopía,2022,150.85,62.4
Jordania,2001,103.14,61.28
Singapur,2002,3490.77,82.61
Alemania,2016,9978.33,85.0
Ucrania,2022,242.78,64.68
Israel,2015,3395.31,83.05
Jamaica,2008,139.04,62.65
Malasia,2019,749.58,73.15
Ruanda,2006,71.79,61.0
Ecuador,2002,482.81,69.66
Ghana,2022,63.33,57.56
Jordania,2018,135.21,60.4
Myanmar,2001,79.42,59.77
Armenia,2002,78.11,58.31
Italia,2011,3886.47,85.0
Nueva Zelanda,2018,3790.93,82.48
Bolivia,2018,479.92,69.65
India,2019,223.77,65.28
Francia,2008,4740.88,81.26
Arabia Saudita,2010,1979.39,78.38
Venezuela,2005,81.19,63.06
Honduras,2005,326.96,68.47
Bélgica,2022,11103.52,85.0
Panamá,2016,225.9,64.9
Perú,2002,693.41,71.53
Venezuela,2010,94.56,63.33
Dinamarca,2019,8594.51,85.0
Etiopía,2023,153.59,64.6
Ruanda,2005,71.24,58.95
Zimbabwe,2015,46.59,56.21
Malawi,2003,130.18,66.43
Georgia,2009,147.83,65.15
Indonesia,2001,158.11,62.85
Zambia,2005,149.85,62.83
Australia,2007,7771.56,85.0
Finlandia,2014,4466.93,83.39
Camerún,2005,175.82,60.01
Alemania,2017,9854.7,85.0
México,2001,1077.59,75.03
Portugal,2002,4523.5,83.86
Mozambique,2004,58.31,58.86
Bangladesh,2019,246.51,68.11
Kazajistán,2016,557.28,73.0
Ghana,2008,39.74,54.93
Turquía,2005,1397.75,76.39
India,2008,206.57,65.13
Uzbekistán,2022,241.22,68.97
Senegal,2023,166.68,62.74
Líbano,2006,59.02,58.66
Italia,2015,4189.36,85.0
Reino Unido,2011,2563.55,81.54
Pakistán,2009,164.85,65.85
El Salvador,2005,150.98,63.01
Italia,2000,2845.35,80.68
Etiopía,2018,121.29,63.37
Sudáfrica,2015,120.69,61.74
Portugal,2013,6693.22,84.87
Bangladesh,2010,191.92,67.55
Australia,2016,9328.16,85.0
Hungría,2012,89.04,62.91
Sri Lanka,2010,105.75,64.08
Nigeria,2008,102.92,62.45
Nigeria,2016,128.87,66.88
Kenia,2008,124.59,64.15
Marruecos,2022,205.06,67.56
Ghana,2017,53.2,54.55
Zambia,2007,162.14,62.23
Camboya,2010,89.64,59.07
Georgia,2017,179.4,68.54
Armenia,2008,85.43,56.45
Mozambique,2011,70.53,59.49
Grecia,2019,57.19,58.32
Noruega,2003,4325.11,85.0
Camerún,2013,208.68,66.7
Singapur,2019,6143.1,85.0
Malawi,2018,175.86,65.09
Tailandia,2007,491.28,70.47
China,2003,715.18,74.3
Estados Unidos,2012,7012.73,84.08
Zambia,2022,237.24,64.15
Australia,2005,7815.54,85.0
Arabia Saudita,2003,1878.2,76.47
Colombia,2023,1585.03,75.45
Bulgaria,2012,107.21,63.32
Canadá,2011,6632.72,85.0
Finlandia,2023,4543.77,80.93
Sudáfrica,2020,136.05,66.76
Irán,2009,1016.37,77.16
Grecia,2006,47.48,60.37
Venezuela,2014,97.98,57.51
Panamá,2008,177.96,66.83
Suiza,2006,3939.44,83.06
Panamá,2013,220.13,65.24
Uzbekistán,2010,156.81,66.47
Bulgaria,2020,131.05,64.37
Sudáfrica,2021,134.98,67.09
Hungría,2000,57.92,59.57
Uganda,2010,129.41,63.8
Irán,2023,1592.93,74.54
Kazajistán,2010,507.33,71.33
Noruega,2012,6275.23,85.0
Ruanda,2023,95.51,59.55
Jamaica,2022,177.69,66.81
Suecia,2011,6511.11,85.0
Turquía,2015,1661.95,77.62
Venezuela,2008,96.87,61.66
Rusia,2000,1474.25,79.12
Nueva Zelanda,2020,3901.07,82.75
Costa Rica,2018,89.93,62.01
Cuba,2010,66.63,57.76
Zimbabwe,2018,47.86,58.39
Panamá,2007,177.05,62.05
Ghana,2010,44.97,56.34
Indonesia,2010,181.59,64.63
Kenia,2007,125.87,64.21
Marruecos,2011,156.63,65.45
Indonesia,2000,157.68,64.25
Camboya,2023,139.66,62.91
Argentina,2016,1383.49,80.05
Argelia,2022,147.1,62.9
Tailandia,2004,478.54,73.55
Jamaica,2012,163.42,65.43
Costa Rica,2019,89.14,57.72
Bélgica,2019,10031.06,85.0
Suecia,2023,10738.02,85.0
China,2020,1018.38,74.81
Suiza,2014,4020.38,81.35
Nicaragua,2001,194.09,62.74
Bulgaria,2008,100.38,59.93
Bangladesh,2003,143.56,64.6
Rep. Dominicana,2023,140.53,62.3
Noruega,2023,8838.31,85.0
Rumania,2011,183.09,66.97
Jordania,2013,127.24,64.88
Venezuela,2009,102.06,65.34
Ecuador,2017,552.92,70.99
Uganda,2019,178.15,66.35
Portugal,2006,5117.81,85.0
Kenia,2012,137.74,64.71
India,2001,193.93,66.7
Bulgaria,2013,108.9,61.88
Camerún,2001,133.23,65.13
Israel,2011,3025.57,82.27
Brasil,2010,1073.77,78.61
Suecia,2007,5660.88,85.0
Sudáfrica,2014,119.84,62.09
Myanmar,2022,117.76,61.32
Kazajistán,2003,464.84,69.5
Camboya,2019,118.68,64.39
Argelia,2001,105.53,62.04
Uruguay,2001,106.93,61.12
Argelia,2021,139.59,65.5
Francia,2000,3892.09,79.84
Sri Lanka,2001,72.46,60.47
Armenia,2006,79.57,58.23
Túnez,2004,92.65,61.67
Alemania,2022,11967.19,85.0
Ghana,2016,52.5,56.58
Pakistán,2019,253.52,68.68
Irak,2003,49.01,59.1
Canadá,2010,6458.28,85.0
Bolivia,2021,521.66,70.35
Singapur,2006,4203.27,84.44
Hungría,2015,100.04,61.32
Argelia,2007,105.64,63.81
Japón,2002,7706.11,85.0
Haití,2018,231.29,68.33
Bélgica,2003,6217.04,85.0
México,2021,2243.47,78.31
Haití,2003,160.73,65.38
Tailandia,2008,484.67,69.48
Chequia,2019,142.47,62.99
Vietnam,2015,386.88,69.05
Ghana,2003,36.12,53.76
Suecia,2001,3983.53,81.06
Zimbabwe,2005,39.42,53.12
Perú,2010,792.75,73.74
Ucrania,2023,250.09,68.92
Sudáfrica,2018,130.33,64.63
El Salvador,2018,201.06,65.01
Filipinas,2014,180.78,65.32
Haití,2010,185.53,63.93
Uzbekistán,2009,160.85,67.82
Mozambique,2006,59.65,58.56
Japón,2015,10112.3,85.0
India,2002,192.35,65.6
Bangladesh,2022,278.97,64.53
Finlandia,2020,4302.55,82.14
